model,accuracy_mean,accuracy_std,precision_mean,precision_std,recall_mean,recall_std,f1_mean,f1_std,roc_auc_mean,roc_auc_std,average_precision_mean,average_precision_std,log_loss_mean,log_loss_std,brier_score_mean,brier_score_std
gradient_boosting,0.8828842572368192,0.023020765333495573,0.8158245671655908,0.02238789174121787,0.7787434803245719,0.0589657880325524,0.7964184678448039,0.04040564203799858,0.9246931720631775,0.03527614022491413,0.8592793217325013,0.05125694348185184,0.351687232333096,0.15266770019624767,0.09348748858913572,0.024848027858690825
random_forest,0.8725941546130069,0.0299363488319226,0.7645213774492623,0.026506723719104838,0.8295467816622631,0.06091582874964866,0.7948595586411162,0.035705821389184066,0.9264576791261181,0.03012011152723334,0.8690226693908538,0.032265899237421035,0.3733130742108847,0.07905823666980931,0.09540147794933788,0.016754510957132256
knn,0.8683522519615048,0.028692119430949556,0.7925054631698845,0.05065559793981513,0.7580119864203543,0.09268811292312622,0.7713104269529951,0.053515079243512516,0.918605762528703,0.037258265747493476,0.8386822712962333,0.05013530525016374,0.804055531759351,0.3826342225825232,0.0964748857407836,0.02187041524353732
logistic_regression,0.8411523215242415,0.03344990936495143,0.6809300532975817,0.03485580344563236,0.8761309902520837,0.0854495535650043,0.7649012923229322,0.04618335822907943,0.9202792857100338,0.04049000684017694,0.8650284906332277,0.04533661975437749,0.4219514952151763,0.10019348131487853,0.11702829526246768,0.023320357341713793
decision_tree,0.7946974395668702,0.07157844958973789,0.6247886863284908,0.11757185587322261,0.8278113982986405,0.09826639919714378,0.7066463507739538,0.08811286707299015,0.8952272624984507,0.04376385545584928,0.8110179020300057,0.057635901264613494,1.0527381966680007,0.3224913938002843,0.13370852862252555,0.029236699506844478
dummy_most_frequent,0.7042280238308211,0.03492348177876667,0.0,0.0,0.0,0.0,0.0,0.0,0.5,0.0,0.295771976169179,0.03492348177876669,10.660702591256108,1.2587698723750151,0.295771976169179,0.03492348177876669
