model,accuracy_mean,accuracy_std,precision_mean,precision_std,recall_mean,recall_std,f1_mean,f1_std,roc_auc_mean,roc_auc_std,average_precision_mean,average_precision_std,log_loss_mean,log_loss_std,brier_score_mean,brier_score_std
random_forest,0.8611342122686825,0.036659448324253684,0.49934002801649857,0.10624250294147349,0.5626136363636364,0.08416995670410107,0.5163173369602634,0.04126918554890641,0.8257322480421344,0.06716426407086903,0.4712067287998547,0.07171911524109968,0.354551982006149,0.06060386417029826,0.10624515733069988,0.019278749506195177
logistic_regression,0.7974115071771932,0.05665291188512188,0.3809589947089947,0.06210882843859507,0.75875,0.19129492936301265,0.4924495031571812,0.03336152213822075,0.864641249386111,0.07271368245294575,0.5140095254627329,0.08429863850411466,0.5152392110194619,0.11260705327913689,0.15624587766067807,0.03813826673394021
decision_tree,0.7814112638207925,0.05573570218984969,0.34420991671865536,0.05251784988113157,0.6977272727272728,0.10883018085284436,0.45523551949515434,0.03886299842961445,0.7792200799595772,0.04764876198488838,0.36255599556822,0.06907157598968967,1.2481342119328016,0.5758894800766944,0.17906045315235466,0.03807029879112539
gradient_boosting,0.8594500494298725,0.0314179689612931,0.44456922162804513,0.11406535439493116,0.2551136363636364,0.048478929562958045,0.32372876003060336,0.06965306500885382,0.8164290248057335,0.056810755254292765,0.4312620483916774,0.07383362082963442,0.3849409564368481,0.15136016687910211,0.10604893310821488,0.028506628392534802
knn,0.8747471778850325,0.03549527400998989,0.6266666666666667,0.26812103402920273,0.11261363636363637,0.06817992421611879,0.1895692238941667,0.11021420173325293,0.7691580949720591,0.0646007611555671,0.36928091313483485,0.0852387555773728,0.9135064225658722,0.47583911767141157,0.0999514924679205,0.025900197689689715
dummy_most_frequent,0.8688993281299972,0.02846211982830316,0.0,0.0,0.0,0.0,0.0,0.0,0.5,0.0,0.1311006718700028,0.028462119828303174,4.725347175962762,1.0258787818108783,0.1311006718700028,0.028462119828303174
